{
"meanTemp": {"0": [0.22768617407490527, 0.08754510030307404, 0.09384921808751898, 0.11738703339882121, 0.11056867157404936, 0.12226917842561422, 0.12670238892609959, 0.19664251880746725, 0.25793051359516617, 0.26703889102810935, 0.23733144073811213, 0.2707833296967052],
"1": [0.21502888855967453, 0.08638184827105652, 0.09511288269578616, 0.11898687201373104, 0.10928022998983276, 0.12367399741267787, 0.12822822822822824, 0.19283276450511946, 0.25278575933842595, 0.26568231841526047, 0.24205155043830956, 0.29855474163531975],
"2": [0.212395365183497, 0.09258911819887429, 0.10193056903268788, 0.12235517869878754, 0.10745393138590982, 0.1271282633371169, 0.13209786379404784, 0.19802881782634313, 0.267975475320493, 0.27235599421424317, 0.2419720663722096, 0.2917202129612631],
"3": [0.21209917798611755, 0.09275930920937402, 0.10244595982201628, 0.12499103621369667, 0.11562580313544076, 0.12716094792706636, 0.14094693465646288, 0.2114880059970015, 0.2771297473602742, 0.273089511882738, 0.25, 0.2966442953020134],
"4": [0.2125634357563057, 0.09235193507277484, 0.1017186127367887, 0.12569671992703443, 0.11657567883281283, 0.12873389646548064, 0.14225385156799875, 0.21180478739878766, 0.27699386503067486, 0.2760183925911534, 0.25, 0.29845679012345677],
"5": [0.21284651051720363, 0.09175679197341846, 0.10078171266137628, 0.12489017604373434, 0.11651917404129794, 0.12895237252907618, 0.14033928178012778, 0.21159801467780937, 0.27670583683930555, 0.2774731968810916, 0.251829103062054, 0.2966431349949575],
"6": [0.21295959049072205, 0.09122507713035229, 0.09988528163358953, 0.12481857764876633, 0.11642904145645976, 0.12823225697236446, 0.13906030855539972, 0.21070137976346912, 0.2751440788250604, 0.2779465015769186, 0.25176450335686007, 0.296225643820684],
"7": [0.2130606344741366, 0.09090980410616081, 0.09927022005327842, 0.1240448607345329, 0.11567595326742842, 0.12761429214586828, 0.1382223724231159, 0.2098489087856743, 0.2745822260258547, 0.2773380074635305, 0.2508499875611576, 0.2931079664570231],
"8": [0.21319957095084863, 0.0906127821004142, 0.09859247710853956, 0.12379396908931434, 0.11553650953701369, 0.12750229751867984, 0.13728314238952538, 0.2085812715314751, 0.27314225519027346, 0.2764084507042254, 0.25034343434343437, 0.2923507700140002],
"9": [0.21320468615690705, 0.09025771497321695, 0.09813902217611205, 0.12310764095839791, 0.11493396265474268, 0.12716059082338152, 0.13614003705359995, 0.2074883595643976, 0.27116970113363104, 0.27533347676419967, 0.24879665430442674, 0.2882849342268553],
"10": [0.21322991998769042, 0.09003748393817051, 0.09756539535676978, 0.12243276643323721, 0.11446805899318838, 0.12710714977717497, 0.13480330744174393, 0.20591357088703563, 0.2695747553155586, 0.27437833271738554, 0.24713444857496902, 0.2850024307243559],
"11": [0.2132690750738954, 0.08969964210748856, 0.09719835085462425, 0.12176648799813564, 0.11398250162022035, 0.12641610532761788, 0.1341801812912376, 0.20492939281567218, 0.267865299173691, 0.27402543256201795, 0.24549755799755799, 0.2833670675080367],
"12": [0.21330754906173902, 0.08949059890670992, 0.09665186732828415, 0.12119201477036695, 0.11371942648299128, 0.12587651138991016, 0.1328705395201559, 0.20380606150536038, 0.26618852459016396, 0.27251672671127125, 0.24422019730401387, 0.28152941176470586],
"13": [0.2133393656538718, 0.0892330218208168, 0.09620266279852872, 0.12072618979439895, 0.11327828965737306, 0.12532882375046975, 0.13195739815873397, 0.20297157147585598, 0.26467371491068176, 0.2717995816113067, 0.24316471727631678, 0.28042696368488224],
"14": [0.21336995466684408, 0.0890768681367735, 0.09587800712036713, 0.12032404775440592, 0.11299211037545098, 0.12509799529622578, 0.13121686818750372, 0.20213813989126866, 0.2640411096390863, 0.2714372592742753, 0.2422562282841724, 0.27876004592422504],
"15": [0.21335489439191177, 0.0889196942852695, 0.09557905934821301, 0.11997624232825183, 0.11275128104059913, 0.12486072940652158, 0.13035787984199046, 0.20151691101756422, 0.26323336121400404, 0.27114552951825405, 0.24147058823529413, 0.2769370804414609],
"16": [0.21333958226817398, 0.08877707091082393, 0.09538257903578883, 0.11956888788833858, 0.1124894498204016, 0.12463950306884566, 0.13020802812774684, 0.20095227789200304, 0.2622348619504681, 0.2705864706764662, 0.2410237659963437, 0.2761893999321957],
"17": [0.21333226193739896, 0.08863231111569578, 0.09522699162594538, 0.11930640372009636, 0.11223651793046811, 0.12428192664604508, 0.12968786396459353, 0.20038791710067885, 0.2615529707639107, 0.27030791424165546, 0.24035521910030572, 0.2752303888514273],
"18": [0.21329978568528782, 0.08846962324890856, 0.09504040404040404, 0.11908550372665606, 0.11206359102244388, 0.12405118990869422, 0.12935034802784223, 0.20002146920957528, 0.261284145531283, 0.2699811825294642, 0.2399738922329393, 0.27446594340677777],
"19": [0.21321802766958703, 0.0883856722636679, 0.09492071482506921, 0.11890778523116319, 0.11178447254433502, 0.12388021499872025, 0.129069498960979, 0.19975752389102838, 0.2609541598567982, 0.2697770763464194, 0.23973098061903383, 0.2738718662952646],
"20": [0.21313892683846045, 0.0882867580844724, 0.09473684210526316, 0.11863090450170583, 0.1116256539430343, 0.1236688548504741, 0.12881706826154465, 0.19933165060969107, 0.26064696299744006, 0.26943871031160915, 0.23955552348654305, 0.2731414601622402]},
"info" : {
  "2006": {"class": "hot", "text": "<p>July 2006 stands as the <a href='http://www.metoffice.gov.uk/climate/uk/interesting/july2006'>warmest month</a> since records began in 1659 causing damage to road surfaces and buckling of rail lines.</p><p>It's been estimated that excess deaths due to the heat was <a href='https://www.gov.uk/government/uploads/system/uploads/attachment_data/file/201039/Heatwave-Main_Plan-2013.pdf'>680 people</a>.</p>"},
  "2003": {"class": "hot", "text": "<p>Although not recorded as one of the top 5 warmest months, August 2003 averaged 16.5&deg;C and had the <a href='http://www.bbc.co.uk/weather/features/23642901'>hottest day ever recorded</a>.</p><p>Excess deaths in August 2003 were estimated at <a href='https://www.gov.uk/government/uploads/system/uploads/attachment_data/file/201039/Heatwave-Main_Plan-2013.pdf'>over 2000</a>.</p>"},
  "1983": {"class": "hot", "text": "<p>July 1983 was the second warmest month on record resulting in a <a href='http://news.bbc.co.uk/1/hi/uk/3140675.stm'>rush on barbecue gear, salads, beer and soft drinks</a> and speed restrictions on railways.</p>"},
  "1976": {"class": "hot", "text": "<p>The July 1976 heat wave led to the <a href='http://en.wikipedia.org/wiki/1976_United_Kingdom_heat_wave'>hottest summer average temperature since records began</a> causing a severe drought in the UK.</p><p>50,000 trees were destroyed by fire Hurn Forest, Dorset whilst £500 million worth of crops failed.</p>"},
  "1963": {"class": "cold", "text": "<p>The winter of 1962/63, also known as the Big Freeze of 1963, was one of the <a href='http://en.wikipedia.org/wiki/Winter_of_1962%E2%80%9363_in_the_United_Kingdom'>coldest winters on record</a> in the UK.</p><p>The long bitterly cold spell caused <a href='http://www.metoffice.gov.uk/education/teens/case-studies/severe-winters'>lakes and rivers to freeze</a>, even the sea froze in places.</p>"},
  "1947": {"class": "cold", "text": "<p>The UK suffered a <a href='http://en.wikipedia.org/wiki/Winter_of_1946%E2%80%9347_in_the_United_Kingdom'>harsh winter in 1946/47</a> bringing large snow drifts causing roads and railways to be blocked. Coal supplies struggled to get through to power stations resulting in energy rations.</p><p>As warmer weather reached the UK the melt water caused <a href='http://www.metoffice.gov.uk/education/teens/case-studies/severe-winters'>floods</a>, damaging hundreds of homes.</p><p>Ironically the summer of 1947 had one of the warmest <a href='http://www.ukweatherworld.co.uk/forum/index.php?/topic/55504-the-heatwave-of-late-may-early-june-1947/'>Augusts on record</a>.</p>"},